{"assets/aufgabe_1_stoerung/Alice_im_Wunderland.txt":["assets/aufgabe_1_stoerung/Alice_im_Wunderland.txt"],"assets/aufgabe_1_stoerung/stoerung0.txt":["assets/aufgabe_1_stoerung/stoerung0.txt"],"assets/aufgabe_1_stoerung/stoerung1.txt":["assets/aufgabe_1_stoerung/stoerung1.txt"],"assets/aufgabe_1_stoerung/stoerung2.txt":["assets/aufgabe_1_stoerung/stoerung2.txt"],"assets/aufgabe_1_stoerung/stoerung3.txt":["assets/aufgabe_1_stoerung/stoerung3.txt"],"assets/aufgabe_1_stoerung/stoerung4.txt":["assets/aufgabe_1_stoerung/stoerung4.txt"],"assets/aufgabe_1_stoerung/stoerung5.txt":["assets/aufgabe_1_stoerung/stoerung5.txt"],"assets/aufgabe_5_huepfburg/huepfburg0.txt":["assets/aufgabe_5_huepfburg/huepfburg0.txt"],"assets/aufgabe_5_huepfburg/huepfburg1.txt":["assets/aufgabe_5_huepfburg/huepfburg1.txt"],"assets/aufgabe_5_huepfburg/huepfburg2.txt":["assets/aufgabe_5_huepfburg/huepfburg2.txt"],"assets/aufgabe_5_huepfburg/huepfburg3.txt":["assets/aufgabe_5_huepfburg/huepfburg3.txt"],"assets/aufgabe_5_huepfburg/huepfburg4.txt":["assets/aufgabe_5_huepfburg/huepfburg4.txt"],"assets/other/portrait.png":["assets/other/portrait.png"],"packages/cupertino_icons/assets/CupertinoIcons.ttf":["packages/cupertino_icons/assets/CupertinoIcons.ttf"]}